actionId,actionNumber,clock,period,teamId,teamTricode,personId,playerName,playerNameI,xLegacy,yLegacy,shotDistance,shotResult,isFieldGoal,scoreHome,scoreAway,pointsTotal,location,description,actionType,subType,videoAvailable,shotValue
1,0,PT12M00.00S,1,0,,0,,,0,0,0,,0,0,0,0,,Start of 1st Period (7:12 PM EST),period,start,0,0
2,1,PT12M00.00S,1,1610612754,IND,979,O'Neal,J. O'Neal,0,0,0,,0,,,0,h,Jump Ball O'Neal vs. Grant: Tip to Tinsley,Jump Ball,,0,0
3,2,PT11M47.00S,1,1610612754,IND,1897,World Peace,M. World Peace,6,10,1,Missed,1,,,0,h,MISS World Peace 1' Dunk,Missed Shot,Dunk Shot,0,0
4,2,PT11M47.00S,1,1610612748,MIA,1885,Odom,L. Odom,0,0,0,,0,,,0,v,Odom BLOCK (1 BLK),,,0,0
5,3,PT11M44.00S,1,1610612748,MIA,1885,Odom,L. Odom,0,0,0,,0,,,0,v,Odom REBOUND (Off:0 Def:1),Rebound,Unknown,0,0
6,4,PT11M40.00S,1,1610612748,MIA,1885,Odom,L. Odom,0,0,0,,0,,,0,v,Odom Bad Pass Turnover (P1.T1),Turnover,Bad Pass,0,0
7,4,PT11M40.00S,1,1610612754,IND,2224,Tinsley,J. Tinsley,0,0,0,,0,,,0,h,Tinsley STEAL (1 STL),,,0,0
8,5,PT11M36.00S,1,1610612754,IND,397,Miller,R. Miller,5,18,2,Missed,1,,,0,h,MISS Miller 2' Layup,Missed Shot,Layup Shot,0,0
9,5,PT11M36.00S,1,1610612748,MIA,224,Jones,E. Jones,0,0,0,,0,,,0,v,Jones BLOCK (1 BLK),,,0,0
10,6,PT11M33.00S,1,1610612748,MIA,2548,Wade,D. Wade,0,0,0,,0,,,0,v,Wade REBOUND (Off:0 Def:1),Rebound,Unknown,0,0
11,7,PT11M25.00S,1,1610612748,MIA,1885,Odom,L. Odom,0,0,0,,0,,,0,v,Odom Traveling Turnover (P2.T2),Turnover,Traveling,0,0
12,8,PT11M15.00S,1,1610612754,IND,1902,Foster,J. Foster,3,13,1,Made,1,2,0,2,h,Foster 1' Layup (2 PTS) (Tinsley 1 AST),Made Shot,Layup Shot,0,0
13,9,PT10M52.00S,1,1610612748,MIA,1885,Odom,L. Odom,29,151,15,Missed,1,,,0,v,MISS Odom 15' Jump Shot,Missed Shot,Jump Shot,0,0
14,10,PT10M50.00S,1,1610612754,IND,2224,Tinsley,J. Tinsley,0,0,0,,0,,,0,h,Tinsley REBOUND (Off:0 Def:1),Rebound,Unknown,0,0
15,11,PT10M48.00S,1,1610612748,MIA,224,Jones,E. Jones,0,0,0,,0,,,0,v,Jones S.FOUL (P1.T1),Foul,Shooting,0,0
16,12,PT10M48.00S,1,1610612754,IND,979,O'Neal,J. O'Neal,0,0,0,,0,,,0,h,MISS O'Neal Free Throw 1 of 2,Free Throw,Free Throw 1 of 2,0,0
17,13,PT10M48.00S,1,0,,1610612754,,,0,0,0,,0,,,0,h,PACERS Rebound,Rebound,Normal Rebound,0,0
18,14,PT10M48.00S,1,1610612754,IND,979,O'Neal,J. O'Neal,0,0,0,,0,3,0,3,h,O'Neal Free Throw 2 of 2 (1 PTS),Free Throw,Free Throw 2 of 2,0,0
19,15,PT10M37.00S,1,1610612754,IND,1897,World Peace,M. World Peace,0,0,0,,0,,,0,h,PACERS T.Foul (Def. 3 Sec World Peace ),Foul,Defense 3 Second,0,0
20,16,PT10M37.00S,1,1610612748,MIA,224,Jones,E. Jones,0,0,0,,0,3,1,4,v,Jones Free Throw Technical (1 PTS),Free Throw,Free Throw Technical,0,0
21,17,PT10M32.00S,1,1610612748,MIA,258,Grant,B. Grant,-158,2,16,Missed,1,,,0,v,MISS Grant 16' Jump Shot,Missed Shot,Jump Shot,0,0
22,18,PT10M30.00S,1,1610612754,IND,1902,Foster,J. Foster,0,0,0,,0,,,0,h,Foster REBOUND (Off:0 Def:1),Rebound,Unknown,0,0
23,19,PT10M12.00S,1,1610612754,IND,1902,Foster,J. Foster,-25,10,3,Made,1,5,1,6,h,Foster 3' Layup (4 PTS) (Tinsley 2 AST),Made Shot,Layup Shot,0,0
24,20,PT09M54.00S,1,1610612748,MIA,2548,Wade,D. Wade,166,59,18,Missed,1,,,0,v,MISS Wade 18' Jump Shot,Missed Shot,Jump Shot,0,0
25,21,PT09M52.00S,1,1610612754,IND,1902,Foster,J. Foster,0,0,0,,0,,,0,h,Foster REBOUND (Off:0 Def:2),Rebound,Unknown,0,0
26,22,PT09M42.00S,1,1610612754,IND,1897,World Peace,M. World Peace,107,12,11,Missed,1,,,0,h,MISS World Peace 11' Jump Shot,Missed Shot,Jump Shot,0,0
27,23,PT09M41.00S,1,1610612748,MIA,2548,Wade,D. Wade,0,0,0,,0,,,0,v,Wade REBOUND (Off:0 Def:2),Rebound,Unknown,0,0
28,24,PT09M35.00S,1,1610612754,IND,2224,Tinsley,J. Tinsley,0,0,0,,0,,,0,h,Tinsley S.FOUL (P1.T1),Foul,Shooting,0,0
29,25,PT09M35.00S,1,1610612748,MIA,2548,Wade,D. Wade,0,0,0,,0,5,2,7,v,Wade Free Throw 1 of 2 (1 PTS),Free Throw,Free Throw 1 of 2,0,0
30,26,PT09M35.00S,1,1610612748,MIA,2548,Wade,D. Wade,0,0,0,,0,5,3,8,v,Wade Free Throw 2 of 2 (2 PTS),Free Throw,Free Throw 2 of 2,0,0
31,27,PT09M21.00S,1,1610612754,IND,979,O'Neal,J. O'Neal,-123,7,12,Made,1,7,3,10,h,O'Neal 12' Jump Shot (3 PTS) (Miller 1 AST),Made Shot,Jump Shot,0,0
32,28,PT09M03.00S,1,1610612748,MIA,258,Grant,B. Grant,-141,155,21,Made,1,7,5,12,v,Grant 21' Jump Shot (2 PTS) (Odom 1 AST),Made Shot,Jump Shot,0,0
33,29,PT08M58.00S,1,1610612748,MIA,258,Grant,B. Grant,0,0,0,,0,,,0,v,Grant P.FOUL (P1.T2),Foul,Personal,0,0
34,30,PT08M49.00S,1,1610612754,IND,979,O'Neal,J. O'Neal,0,0,0,,0,,,0,h,O'Neal OFF.Foul (P1),Foul,Offensive,0,0
35,31,PT08M49.00S,1,1610612754,IND,979,O'Neal,J. O'Neal,0,0,0,,0,,,0,h,O'Neal Foul Turnover (P1.T1),Turnover,Foul,0,0
36,32,PT08M37.00S,1,1610612748,MIA,258,Grant,B. Grant,0,35,4,Missed,1,,,0,v,MISS Grant 4' Jump Shot,Missed Shot,Jump Shot,0,0
37,33,PT08M35.00S,1,1610612748,MIA,258,Grant,B. Grant,0,0,0,,0,,,0,v,Grant REBOUND (Off:1 Def:0),Rebound,Unknown,0,0
38,34,PT08M30.00S,1,1610612748,MIA,2548,Wade,D. Wade,-146,104,18,Made,1,7,7,14,v,Wade 18' Fadeaway Jumper (4 PTS),Made Shot,Fadeaway Jump Shot,0,0
39,35,PT08M13.00S,1,1610612754,IND,1897,World Peace,M. World Peace,-171,133,22,Missed,1,,,0,h,MISS World Peace 22' Jump Shot,Missed Shot,Jump Shot,0,0
40,36,PT08M11.00S,1,1610612748,MIA,1885,Odom,L. Odom,0,0,0,,0,,,0,v,Odom REBOUND (Off:0 Def:2),Rebound,Unknown,0,0
41,37,PT08M05.00S,1,1610612748,MIA,2406,Butler,C. Butler,190,-1,19,Made,1,7,9,16,v,C. Butler 19' Jump Shot (2 PTS) (Wade 1 AST),Made Shot,Jump Shot,0,0
42,38,PT08M04.00S,1,0,,1610612748,,,0,0,0,,0,,,0,v,Heat Violation: Delay of game Violation,Violation,Delay Of Game,0,0
43,39,PT07M40.00S,1,1610612754,IND,1902,Foster,J. Foster,85,171,19,Made,1,9,9,18,h,Foster 19' Jump Shot (6 PTS) (World Peace 1 AST),Made Shot,Jump Shot,0,0
44,40,PT07M12.00S,1,1610612748,MIA,1885,Odom,L. Odom,-99,53,11,Missed,1,,,0,v,MISS Odom 11' Jump Shot,Missed Shot,Jump Shot,0,0
45,41,PT07M11.00S,1,1610612754,IND,1897,World Peace,M. World Peace,0,0,0,,0,,,0,h,World Peace REBOUND (Off:0 Def:1),Rebound,Unknown,0,0
46,42,PT06M52.00S,1,1610612754,IND,2224,Tinsley,J. Tinsley,-199,164,26,Missed,1,,,0,h,MISS Tinsley 26' 3PT Jump Shot,Missed Shot,Jump Shot,0,0
47,43,PT06M50.00S,1,1610612748,MIA,1885,Odom,L. Odom,0,0,0,,0,,,0,v,Odom REBOUND (Off:0 Def:3),Rebound,Unknown,0,0
48,44,PT06M45.00S,1,1610612748,MIA,2548,Wade,D. Wade,-135,132,19,Missed,1,,,0,v,MISS Wade 19' Jump Shot,Missed Shot,Jump Shot,0,0
49,45,PT06M43.00S,1,1610612754,IND,1902,Foster,J. Foster,0,0,0,,0,,,0,h,Foster REBOUND (Off:0 Def:3),Rebound,Unknown,0,0
50,47,PT06M38.00S,1,1610612748,MIA,1885,Odom,L. Odom,0,0,0,,0,,,0,v,Odom Violation:Defensive Goaltending,Violation,Defensive Goaltending,0,0
51,46,PT06M38.00S,1,1610612754,IND,397,Miller,R. Miller,6,13,1,Made,1,11,9,20,h,Miller 1' Driving Finger Roll (2 PTS) (Tinsley 3 AST),Made Shot,Driving Finger Roll Shot,0,0
52,48,PT06M21.00S,1,1610612754,IND,1897,World Peace,M. World Peace,0,0,0,,0,,,0,h,World Peace P.FOUL (P1.T2),Foul,Personal,0,0
53,49,PT06M15.00S,1,1610612748,MIA,2548,Wade,D. Wade,0,0,0,,0,,,0,v,Wade Lost Ball Turnover (P1.T3),Turnover,Lost Ball,0,0
54,49,PT06M15.00S,1,1610612754,IND,2224,Tinsley,J. Tinsley,0,0,0,,0,,,0,h,Tinsley STEAL (2 STL),,,0,0
55,50,PT06M14.00S,1,1610612748,MIA,2548,Wade,D. Wade,0,0,0,,0,,,0,v,Wade P.FOUL (P1.T3),Foul,Personal,0,0
56,51,PT06M03.00S,1,1610612754,IND,979,O'Neal,J. O'Neal,0,0,0,,0,,,0,h,O'Neal OFF.Foul (P2),Foul,Offensive,0,0
57,52,PT06M03.00S,1,1610612754,IND,979,O'Neal,J. O'Neal,0,0,0,,0,,,0,h,O'Neal Foul Turnover (P2.T2),Turnover,Foul,0,0
58,53,PT06M03.00S,1,1610612754,IND,979,O'Neal,J. O'Neal,0,0,0,,0,,,0,h,SUB: Harrington FOR O'Neal,Substitution,,0,0
59,54,PT05M50.00S,1,1610612748,MIA,224,Jones,E. Jones,0,196,20,Missed,1,,,0,v,MISS Jones 20' Jump Shot,Missed Shot,Jump Shot,0,0
60,55,PT05M49.00S,1,1610612754,IND,1733,Harrington,A. Harrington,0,0,0,,0,,,0,h,Harrington REBOUND (Off:0 Def:1),Rebound,Unknown,0,0
61,56,PT05M47.00S,1,1610612754,IND,397,Miller,R. Miller,0,0,0,,0,,,0,h,Miller T.FOUL (P0.T2),Foul,Technical,0,0
62,57,PT05M47.00S,1,0,,1610612754,,,0,0,0,,0,,,0,h,PACERS Timeout: Regular (Full 1 Short 0),Timeout,Regular,0,0
63,59,PT05M47.00S,1,1610612748,MIA,224,Jones,E. Jones,0,0,0,,0,11,10,21,v,Jones Free Throw Technical (2 PTS),Free Throw,Free Throw Technical,0,0
64,60,PT05M34.00S,1,1610612754,IND,1733,Harrington,A. Harrington,97,135,17,Made,1,13,10,23,h,Harrington 17' Jump Shot (2 PTS) (World Peace 2 AST),Made Shot,Jump Shot,0,0
65,61,PT05M14.00S,1,1610612748,MIA,224,Jones,E. Jones,174,135,22,Missed,1,,,0,v,MISS Jones 22' Jump Shot,Missed Shot,Jump Shot,0,0
66,62,PT05M12.00S,1,1610612754,IND,2224,Tinsley,J. Tinsley,0,0,0,,0,,,0,h,Tinsley REBOUND (Off:0 Def:2),Rebound,Unknown,0,0
67,63,PT05M01.00S,1,1610612754,IND,1733,Harrington,A. Harrington,-131,43,14,Missed,1,,,0,h,MISS Harrington 14' Jump Shot,Missed Shot,Jump Shot,0,0
68,64,PT05M00.00S,1,1610612748,MIA,1885,Odom,L. Odom,0,0,0,,0,,,0,v,Odom REBOUND (Off:0 Def:4),Rebound,Unknown,0,0
69,65,PT04M46.00S,1,1610612748,MIA,258,Grant,B. Grant,115,10,12,Missed,1,,,0,v,MISS Grant 12' Jump Shot,Missed Shot,Jump Shot,0,0
70,66,PT04M45.00S,1,1610612754,IND,397,Miller,R. Miller,0,0,0,,0,,,0,h,Miller REBOUND (Off:0 Def:1),Rebound,Unknown,0,0
71,67,PT04M24.00S,1,1610612748,MIA,1885,Odom,L. Odom,0,0,0,,0,,,0,v,Odom S.FOUL (P1.T4),Foul,Shooting,0,0
72,68,PT04M24.00S,1,1610612748,MIA,258,Grant,B. Grant,0,0,0,,0,,,0,v,SUB: Allen FOR Grant,Substitution,,0,0
73,69,PT04M24.00S,1,1610612754,IND,1733,Harrington,A. Harrington,0,0,0,,0,14,10,24,h,Harrington Free Throw 1 of 2 (3 PTS),Free Throw,Free Throw 1 of 2,0,0
74,70,PT04M24.00S,1,1610612754,IND,1733,Harrington,A. Harrington,0,0,0,,0,,,0,h,MISS Harrington Free Throw 2 of 2,Free Throw,Free Throw 2 of 2,0,0
75,71,PT04M24.00S,1,1610612754,IND,1733,Harrington,A. Harrington,0,0,0,,0,,,0,h,Harrington REBOUND (Off:1 Def:1),Rebound,Unknown,0,0
76,72,PT04M22.00S,1,1610612754,IND,1733,Harrington,A. Harrington,-20,13,2,Missed,1,,,0,h,MISS Harrington 2' Layup,Missed Shot,Layup Shot,0,0
77,73,PT04M20.00S,1,1610612754,IND,1902,Foster,J. Foster,0,0,0,,0,,,0,h,Foster REBOUND (Off:1 Def:3),Rebound,Unknown,0,0
78,74,PT04M10.00S,1,1610612748,MIA,2406,Butler,C. Butler,0,0,0,,0,,,0,v,C. Butler P.FOUL (P1.PN),Foul,Personal,0,0
79,75,PT04M10.00S,1,1610612754,IND,1897,World Peace,M. World Peace,0,0,0,,0,15,10,25,h,World Peace Free Throw 1 of 2 (1 PTS),Free Throw,Free Throw 1 of 2,0,0
80,77,PT04M10.00S,1,1610612754,IND,397,Miller,R. Miller,0,0,0,,0,,,0,h,SUB: Bender FOR Miller,Substitution,,0,0
81,78,PT04M10.00S,1,1610612754,IND,1897,World Peace,M. World Peace,0,0,0,,0,16,10,26,h,World Peace Free Throw 2 of 2 (2 PTS),Free Throw,Free Throw 2 of 2,0,0
82,79,PT03M55.00S,1,1610612748,MIA,2124,Allen,M. Allen,-67,41,8,Made,1,16,12,28,v,Allen 8' Jump Bank Shot (2 PTS),Made Shot,Jump Bank Shot,0,0
83,80,PT03M32.00S,1,1610612754,IND,1733,Harrington,A. Harrington,-156,-9,16,Missed,1,,,0,h,MISS Harrington 16' Jump Shot,Missed Shot,Jump Shot,0,0
84,81,PT03M31.00S,1,0,,1610612748,,,0,0,0,,0,,,0,v,Heat Rebound,Rebound,Unknown,0,0
85,82,PT03M08.00S,1,1610612748,MIA,2548,Wade,D. Wade,8,22,2,Made,1,16,14,30,v,Wade 2' Driving Layup (6 PTS) (Jones 1 AST),Made Shot,Driving Layup Shot,0,0
86,83,PT02M57.00S,1,1610612754,IND,2224,Tinsley,J. Tinsley,0,0,0,,0,,,0,h,Tinsley Bad Pass Turnover (P1.T3),Turnover,Bad Pass,0,0
87,84,PT02M57.00S,1,0,,1610612748,,,0,0,0,,0,,,0,v,Heat Timeout: Regular (Reg.1 Short 0),Timeout,Regular,0,0
88,86,PT02M57.00S,1,1610612754,IND,2224,Tinsley,J. Tinsley,0,0,0,,0,,,0,h,SUB: Johnson FOR Tinsley,Substitution,,0,0
89,87,PT02M57.00S,1,1610612748,MIA,2548,Wade,D. Wade,0,0,0,,0,,,0,v,SUB: Alston FOR Wade,Substitution,,0,0
90,88,PT02M44.00S,1,1610612754,IND,1733,Harrington,A. Harrington,0,0,0,,0,,,0,h,Harrington P.FOUL (P1.T3),Foul,Personal,0,0
91,89,PT02M35.00S,1,1610612748,MIA,2124,Allen,M. Allen,-61,160,17,Made,1,16,16,32,v,Allen 17' Jump Shot (4 PTS) (Alston 1 AST),Made Shot,Jump Shot,0,0
92,90,PT02M20.00S,1,1610612754,IND,1902,Foster,J. Foster,6,10,1,Made,1,18,16,34,h,Foster 1' Dunk (8 PTS) (Bender 1 AST),Made Shot,Dunk Shot,0,0
93,91,PT02M07.00S,1,1610612748,MIA,224,Jones,E. Jones,210,135,25,Made,1,18,19,37,v,Jones 25' 3PT Jump Shot (5 PTS) (Alston 2 AST),Made Shot,Jump Shot,0,0
94,92,PT01M43.00S,1,1610612754,IND,1897,World Peace,M. World Peace,238,-8,24,Missed,1,,,0,h,MISS World Peace 24' 3PT Jump Shot,Missed Shot,Jump Shot,0,0
95,93,PT01M41.00S,1,1610612748,MIA,1885,Odom,L. Odom,0,0,0,,0,,,0,v,Odom REBOUND (Off:0 Def:5),Rebound,Unknown,0,0
96,94,PT01M33.00S,1,1610612748,MIA,1885,Odom,L. Odom,-31,189,19,Missed,1,,,0,v,MISS Odom 19' Jump Shot,Missed Shot,Jump Shot,0,0
97,95,PT01M31.00S,1,1610612754,IND,1902,Foster,J. Foster,0,0,0,,0,,,0,h,Foster REBOUND (Off:1 Def:4),Rebound,Unknown,0,0
98,96,PT01M23.00S,1,1610612754,IND,1733,Harrington,A. Harrington,0,0,0,,0,,,0,h,Harrington 3 Second Violation Turnover (P1.T4),Turnover,3 Second Violation,0,0
99,97,PT01M23.00S,1,1610612754,IND,1902,Foster,J. Foster,0,0,0,,0,,,0,h,SUB: Croshere FOR Foster,Substitution,,0,0
100,98,PT00M59.00S,1,1610612748,MIA,2124,Allen,M. Allen,159,23,16,Made,1,18,21,39,v,Allen 16' Jump Shot (6 PTS) (Alston 3 AST),Made Shot,Jump Shot,0,0
101,99,PT00M42.00S,1,1610612748,MIA,1885,Odom,L. Odom,0,0,0,,0,,,0,v,Heat T.Foul (Def. 3 Sec Odom ),Foul,Defense 3 Second,0,0
102,100,PT00M42.00S,1,1610612754,IND,1506,Croshere,A. Croshere,0,0,0,,0,19,21,40,h,Croshere Free Throw Technical (1 PTS),Free Throw,Free Throw Technical,0,0
103,102,PT00M29.90S,1,1610612754,IND,1533,Johnson,A. Johnson,166,18,17,Missed,1,,,0,h,MISS Johnson 17' Jump Shot,Missed Shot,Jump Shot,0,0
104,104,PT00M27.90S,1,1610612748,MIA,1885,Odom,L. Odom,0,0,0,,0,,,0,v,Odom REBOUND (Off:0 Def:6),Rebound,Unknown,0,0
105,105,PT00M24.00S,1,0,,1610612748,,,0,0,0,,0,,,0,v,Heat Timeout: Short (Reg.1 Short 1),Timeout,Short,0,0
106,107,PT00M18.00S,1,1610612748,MIA,2406,Butler,C. Butler,0,0,0,,0,,,0,v,C. Butler Bad Pass Turnover (P1.T4),Turnover,Bad Pass,0,0
107,107,PT00M18.00S,1,1610612754,IND,1506,Croshere,A. Croshere,0,0,0,,0,,,0,h,Croshere STEAL (1 STL),,,0,0
108,108,PT00M01.90S,1,1610612754,IND,1897,World Peace,M. World Peace,0,0,0,,0,,,0,h,World Peace Lost Ball Turnover (P1.T5),Turnover,Lost Ball,0,0
109,108,PT00M01.90S,1,1610612748,MIA,1747,Alston,R. Alston,0,0,0,,0,,,0,v,Alston STEAL (1 STL),,,0,0
110,109,PT00M00.00S,1,0,,0,,,0,0,0,,0,19,21,40,,End of 1st Period (7:42 PM EST),period,end,0,0
111,111,PT12M00.00S,2,0,,0,,,0,0,0,,0,19,21,40,,Start of 2nd Period (7:46 PM EST),period,start,0,0
112,112,PT11M46.00S,2,1610612748,MIA,258,Grant,B. Grant,163,8,16,Made,1,19,23,42,v,Grant 16' Jump Shot (4 PTS) (Wade 2 AST),Made Shot,Jump Shot,0,0
113,113,PT11M24.00S,2,1610612754,IND,1506,Croshere,A. Croshere,0,0,0,,0,,,0,h,SUB: O'Neal FOR Croshere,Substitution,,0,0
114,114,PT11M24.00S,2,1610612754,IND,1897,World Peace,M. World Peace,0,0,0,,0,,,0,h,Jump Ball World Peace vs. C. Butler: Tip to Johnson,Jump Ball,,0,0
115,115,PT11M18.00S,2,1610612754,IND,1533,Johnson,A. Johnson,-13,243,24,Missed,1,,,0,h,MISS Johnson 24' 3PT Jump Shot,Missed Shot,Jump Shot,0,0
116,116,PT11M16.00S,2,0,,1610612754,,,0,0,0,,0,,,0,h,PACERS Rebound,Rebound,Unknown,0,0
117,117,PT11M16.00S,2,1610612754,IND,1897,World Peace,M. World Peace,0,0,0,,0,,,0,h,SUB: Miller FOR World Peace,Substitution,,0,0
118,118,PT10M58.00S,2,1610612754,IND,1533,Johnson,A. Johnson,-238,0,24,Made,1,22,23,45,h,Johnson 24' 3PT Jump Shot (3 PTS) (O'Neal 1 AST),Made Shot,Jump Shot,0,0
119,119,PT10M39.00S,2,1610612748,MIA,2406,Butler,C. Butler,-128,3,13,Missed,1,,,0,v,MISS C. Butler 13' Jump Shot,Missed Shot,Jump Shot,0,0
120,120,PT10M37.00S,2,1610612754,IND,979,O'Neal,J. O'Neal,0,0,0,,0,,,0,h,O'Neal REBOUND (Off:0 Def:1),Rebound,Unknown,0,0
121,121,PT10M26.00S,2,1610612754,IND,979,O'Neal,J. O'Neal,-158,5,16,Made,1,24,23,47,h,O'Neal 16' Jump Shot (5 PTS) (Bender 2 AST),Made Shot,Jump Shot,0,0
122,122,PT09M59.00S,2,1610612748,MIA,1747,Alston,R. Alston,-169,242,30,Missed,1,,,0,v,MISS Alston 30' 3PT Jump Shot,Missed Shot,Jump Shot,0,0
123,123,PT09M57.00S,2,1610612754,IND,1733,Harrington,A. Harrington,0,0,0,,0,,,0,h,Harrington REBOUND (Off:1 Def:2),Rebound,Unknown,0,0
124,124,PT09M46.00S,2,1610612754,IND,1886,Bender,J. Bender,-94,0,9,Missed,1,,,0,h,MISS Bender 9' Jump Shot,Missed Shot,Jump Shot,0,0
125,125,PT09M44.00S,2,1610612748,MIA,2124,Allen,M. Allen,0,0,0,,0,,,0,v,Allen REBOUND (Off:0 Def:1),Rebound,Unknown,0,0
126,126,PT09M27.00S,2,1610612748,MIA,2124,Allen,M. Allen,21,91,9,Made,1,24,25,49,v,Allen 9' Jump Hook Shot (8 PTS) (Wade 3 AST),Made Shot,Jump Hook Shot,0,0
127,127,PT09M06.00S,2,1610612748,MIA,258,Grant,B. Grant,0,0,0,,0,,,0,v,Grant S.FOUL (P2.T1),Foul,Shooting,0,0
128,128,PT09M06.00S,2,1610612754,IND,1733,Harrington,A. Harrington,0,0,0,,0,,,0,h,MISS Harrington Free Throw 1 of 2,Free Throw,Free Throw 1 of 2,0,0
129,129,PT09M06.00S,2,0,,1610612754,,,0,0,0,,0,,,0,h,PACERS Rebound,Rebound,Normal Rebound,0,0
130,130,PT09M06.00S,2,1610612748,MIA,258,Grant,B. Grant,0,0,0,,0,,,0,v,SUB: Odom FOR Grant,Substitution,,0,0
131,131,PT09M06.00S,2,1610612754,IND,1733,Harrington,A. Harrington,0,0,0,,0,,,0,h,MISS Harrington Free Throw 2 of 2,Free Throw,Free Throw 2 of 2,0,0
132,132,PT09M06.00S,2,1610612748,MIA,1885,Odom,L. Odom,0,0,0,,0,,,0,v,Odom REBOUND (Off:0 Def:7),Rebound,Unknown,0,0
133,133,PT08M49.00S,2,1610612748,MIA,1747,Alston,R. Alston,0,0,0,,0,,,0,v,Alston Out of Bounds Lost Ball Turnover (P1.T5),Turnover,Out of Bounds Lost Ball Turnover,0,0
134,134,PT08M49.00S,2,0,,0,,,0,0,0,,0,,,0,,Timeout: Official,Timeout,Official,0,0
135,136,PT08M29.00S,2,1610612754,IND,979,O'Neal,J. O'Neal,-41,26,5,Missed,1,,,0,h,MISS O'Neal 5' Jump Shot,Missed Shot,Jump Shot,0,0
136,138,PT08M27.00S,2,1610612754,IND,1733,Harrington,A. Harrington,0,0,0,,0,,,0,h,Harrington REBOUND (Off:2 Def:2),Rebound,Unknown,0,0
137,137,PT08M27.00S,2,1610612754,IND,1733,Harrington,A. Harrington,3,28,3,Missed,1,,,0,h,MISS Harrington 3' Layup,Missed Shot,Layup Shot,0,0
138,139,PT08M26.00S,2,1610612748,MIA,2406,Butler,C. Butler,0,0,0,,0,,,0,v,C. Butler REBOUND (Off:0 Def:1),Rebound,Unknown,0,0
139,140,PT08M16.00S,2,1610612748,MIA,2124,Allen,M. Allen,159,26,16,Missed,1,,,0,v,MISS Allen 16' Jump Shot,Missed Shot,Jump Shot,0,0
140,141,PT08M15.00S,2,1610612754,IND,1733,Harrington,A. Harrington,0,0,0,,0,,,0,h,Harrington REBOUND (Off:2 Def:3),Rebound,Unknown,0,0
141,142,PT07M57.00S,2,1610612754,IND,979,O'Neal,J. O'Neal,123,7,12,Missed,1,,,0,h,MISS O'Neal 12' Jump Shot,Missed Shot,Jump Shot,0,0
142,143,PT07M56.00S,2,1610612748,MIA,2406,Butler,C. Butler,0,0,0,,0,,,0,v,C. Butler REBOUND (Off:0 Def:2),Rebound,Unknown,0,0
143,144,PT07M50.00S,2,1610612748,MIA,1747,Alston,R. Alston,0,0,0,,0,,,0,v,Alston Bad Pass Turnover (P2.T6),Turnover,Bad Pass,0,0
144,144,PT07M50.00S,2,1610612754,IND,1533,Johnson,A. Johnson,0,0,0,,0,,,0,h,Johnson STEAL (1 STL),,,0,0
145,145,PT07M36.00S,2,1610612754,IND,979,O'Neal,J. O'Neal,16,31,3,Made,1,26,25,51,h,O'Neal 3' Jump Shot (7 PTS) (Miller 2 AST),Made Shot,Jump Shot,0,0
146,146,PT07M10.00S,2,1610612748,MIA,1747,Alston,R. Alston,-5,257,26,Missed,1,,,0,v,MISS Alston 26' 3PT Jump Shot,Missed Shot,Jump Shot,0,0
147,147,PT07M08.00S,2,1610612748,MIA,2124,Allen,M. Allen,0,0,0,,0,,,0,v,Allen REBOUND (Off:1 Def:1),Rebound,Unknown,0,0
148,148,PT06M50.00S,2,1610612748,MIA,2548,Wade,D. Wade,-148,-1,15,Missed,1,,,0,v,MISS Wade 15' Jump Shot,Missed Shot,Jump Shot,0,0
149,149,PT06M48.00S,2,1610612754,IND,1886,Bender,J. Bender,0,0,0,,0,,,0,h,Bender REBOUND (Off:0 Def:1),Rebound,Unknown,0,0
150,150,PT06M39.00S,2,1610612754,IND,1886,Bender,J. Bender,-79,245,26,Missed,1,,,0,h,MISS Bender 26' 3PT Jump Shot,Missed Shot,Jump Shot,0,0
151,151,PT06M38.00S,2,1610612754,IND,1733,Harrington,A. Harrington,0,0,0,,0,,,0,h,Harrington REBOUND (Off:3 Def:3),Rebound,Unknown,0,0
152,152,PT06M38.00S,2,1610612748,MIA,2124,Allen,M. Allen,0,0,0,,0,,,0,v,Allen S.FOUL (P1.T2),Foul,Shooting,0,0
153,153,PT06M38.00S,2,1610612754,IND,1533,Johnson,A. Johnson,0,0,0,,0,,,0,h,SUB: Tinsley FOR Johnson,Substitution,,0,0
154,154,PT06M38.00S,2,1610612754,IND,1886,Bender,J. Bender,0,0,0,,0,,,0,h,SUB: World Peace FOR Bender,Substitution,,0,0
155,155,PT06M38.00S,2,1610612748,MIA,1747,Alston,R. Alston,0,0,0,,0,,,0,v,SUB: Jones FOR Alston,Substitution,,0,0
156,156,PT06M38.00S,2,1610612754,IND,1733,Harrington,A. Harrington,0,0,0,,0,27,25,52,h,Harrington Free Throw 1 of 2 (4 PTS),Free Throw,Free Throw 1 of 2,0,0
157,157,PT06M38.00S,2,1610612754,IND,1733,Harrington,A. Harrington,0,0,0,,0,28,25,53,h,Harrington Free Throw 2 of 2 (5 PTS),Free Throw,Free Throw 2 of 2,0,0
158,158,PT06M22.00S,2,1610612748,MIA,1885,Odom,L. Odom,-26,107,11,Missed,1,,,0,v,MISS Odom 11' Jump Shot,Missed Shot,Jump Shot,0,0
159,159,PT06M21.00S,2,1610612754,IND,2224,Tinsley,J. Tinsley,0,0,0,,0,,,0,h,Tinsley REBOUND (Off:0 Def:3),Rebound,Unknown,0,0
160,160,PT06M14.00S,2,1610612754,IND,1897,World Peace,M. World Peace,-21,0,2,Missed,1,,,0,h,MISS World Peace 2' Layup,Missed Shot,Layup Shot,0,0
161,161,PT06M13.00S,2,1610612748,MIA,1885,Odom,L. Odom,0,0,0,,0,,,0,v,Odom REBOUND (Off:0 Def:8),Rebound,Unknown,0,0
162,162,PT05M59.00S,2,1610612748,MIA,1885,Odom,L. Odom,100,36,11,Missed,1,,,0,v,MISS Odom 11' Jump Shot,Missed Shot,Jump Shot,0,0
163,163,PT05M58.00S,2,1610612754,IND,979,O'Neal,J. O'Neal,0,0,0,,0,,,0,h,O'Neal REBOUND (Off:0 Def:2),Rebound,Unknown,0,0
164,164,PT05M37.00S,2,1610612754,IND,979,O'Neal,J. O'Neal,-105,26,11,Made,1,30,25,55,h,O'Neal 11' Turnaround Jump Shot (9 PTS) (Tinsley 4 AST),Made Shot,Turnaround Jump Shot,0,0
165,165,PT05M33.00S,2,0,,1610612748,,,0,0,0,,0,,,0,v,Heat Timeout: Regular (Reg.2 Short 1),Timeout,Regular,0,0
166,167,PT05M11.00S,2,1610612748,MIA,2548,Wade,D. Wade,54,71,9,Made,1,30,27,57,v,Wade 9' Running Jump Shot (8 PTS),Made Shot,Running Jump Shot,0,0
167,168,PT05M11.00S,2,1610612754,IND,2224,Tinsley,J. Tinsley,0,0,0,,0,,,0,h,Tinsley S.FOUL (P2.T1),Foul,Shooting,0,0
168,169,PT05M11.00S,2,1610612748,MIA,2548,Wade,D. Wade,0,0,0,,0,30,28,58,v,Wade Free Throw 1 of 1 (9 PTS),Free Throw,Free Throw 1 of 1,0,0
169,170,PT04M50.00S,2,1610612754,IND,1733,Harrington,A. Harrington,66,86,11,Missed,1,,,0,h,MISS Harrington 11' Jump Shot,Missed Shot,Jump Shot,0,0
170,171,PT04M49.00S,2,1610612748,MIA,1885,Odom,L. Odom,0,0,0,,0,,,0,v,Odom REBOUND (Off:0 Def:9),Rebound,Unknown,0,0
171,172,PT04M46.00S,2,1610612754,IND,1733,Harrington,A. Harrington,0,0,0,,0,,,0,h,Harrington P.FOUL (P2.T2),Foul,Personal,0,0
172,173,PT04M36.00S,2,1610612748,MIA,2124,Allen,M. Allen,-141,49,15,Missed,1,,,0,v,MISS Allen 15' Jump Shot,Missed Shot,Jump Shot,0,0
173,174,PT04M34.00S,2,1610612754,IND,2224,Tinsley,J. Tinsley,0,0,0,,0,,,0,h,Tinsley REBOUND (Off:0 Def:4),Rebound,Unknown,0,0
174,175,PT04M25.00S,2,1610612754,IND,2224,Tinsley,J. Tinsley,0,0,0,,0,,,0,h,Tinsley Lost Ball Turnover (P2.T6),Turnover,Lost Ball,0,0
175,175,PT04M25.00S,2,1610612748,MIA,2406,Butler,C. Butler,0,0,0,,0,,,0,v,C. Butler STEAL (1 STL),,,0,0
176,176,PT04M19.00S,2,1610612748,MIA,224,Jones,E. Jones,128,232,26,Made,1,30,31,61,v,Jones 26' 3PT Jump Shot (8 PTS) (C. Butler 1 AST),Made Shot,Jump Shot,0,0
177,177,PT04M10.00S,2,0,,1610612754,,,0,0,0,,0,,,0,h,PACERS Timeout: Regular (Full 2 Short 0),Timeout,Regular,0,0
178,179,PT04M10.00S,2,1610612754,IND,1733,Harrington,A. Harrington,0,0,0,,0,,,0,h,SUB: Foster FOR Harrington,Substitution,,0,0
179,180,PT03M56.00S,2,1610612754,IND,1902,Foster,J. Foster,6,13,1,Made,1,32,31,63,h,Foster 1' Layup (10 PTS) (Tinsley 5 AST),Made Shot,Layup Shot,0,0
180,181,PT03M41.00S,2,1610612748,MIA,224,Jones,E. Jones,-21,20,3,Made,1,32,33,65,v,Jones 3' Driving Finger Roll (10 PTS) (Wade 4 AST),Made Shot,Driving Finger Roll Shot,0,0
181,182,PT03M27.00S,2,1610612754,IND,979,O'Neal,J. O'Neal,-105,5,11,Missed,1,,,0,h,MISS O'Neal 11' Jump Shot,Missed Shot,Jump Shot,0,0
182,183,PT03M24.00S,2,1610612754,IND,1902,Foster,J. Foster,0,0,0,,0,,,0,h,Foster REBOUND (Off:2 Def:4),Rebound,Unknown,0,0
183,184,PT03M20.00S,2,1610612754,IND,2224,Tinsley,J. Tinsley,6,5,1,Missed,1,,,0,h,MISS Tinsley 1' Layup,Missed Shot,Layup Shot,0,0
184,184,PT03M20.00S,2,1610612748,MIA,2124,Allen,M. Allen,0,0,0,,0,,,0,v,Allen BLOCK (1 BLK),,,0,0
185,185,PT03M19.00S,2,1610612754,IND,2224,Tinsley,J. Tinsley,0,0,0,,0,,,0,h,Tinsley REBOUND (Off:1 Def:4),Rebound,Unknown,0,0
186,186,PT03M18.00S,2,1610612754,IND,2224,Tinsley,J. Tinsley,-18,3,2,Made,1,34,33,67,h,Tinsley 2' Layup (2 PTS),Made Shot,Layup Shot,0,0
187,187,PT03M18.00S,2,1610612748,MIA,2124,Allen,M. Allen,0,0,0,,0,,,0,v,Allen S.FOUL (P2.T3),Foul,Shooting,0,0
188,188,PT03M18.00S,2,1610612748,MIA,2124,Allen,M. Allen,0,0,0,,0,,,0,v,SUB: Grant FOR Allen,Substitution,,0,0
189,189,PT03M18.00S,2,1610612754,IND,2224,Tinsley,J. Tinsley,0,0,0,,0,35,33,68,h,Tinsley Free Throw 1 of 1 (3 PTS),Free Throw,Free Throw 1 of 1,0,0
190,190,PT03M01.00S,2,1610612748,MIA,1885,Odom,L. Odom,148,8,15,Missed,1,,,0,v,MISS Odom 15' Jump Shot,Missed Shot,Jump Shot,0,0
191,191,PT02M59.00S,2,1610612754,IND,397,Miller,R. Miller,0,0,0,,0,,,0,h,Miller REBOUND (Off:0 Def:2),Rebound,Unknown,0,0
192,192,PT02M45.00S,2,1610612754,IND,979,O'Neal,J. O'Neal,128,59,14,Missed,1,,,0,h,MISS O'Neal 14' Jump Shot,Missed Shot,Jump Shot,0,0
193,193,PT02M43.00S,2,1610612754,IND,1902,Foster,J. Foster,0,0,0,,0,,,0,h,Foster REBOUND (Off:3 Def:4),Rebound,Unknown,0,0
194,194,PT02M33.00S,2,0,,1610612754,,,0,0,0,,0,,,0,h,PACERS Timeout: Short (Full 2 Short 1),Timeout,Short,0,0
195,196,PT02M23.00S,2,1610612754,IND,979,O'Neal,J. O'Neal,-117,22,12,Missed,1,,,0,h,MISS O'Neal 12' Jump Shot,Missed Shot,Jump Shot,0,0
196,197,PT02M22.00S,2,1610612754,IND,1902,Foster,J. Foster,0,0,0,,0,,,0,h,Foster REBOUND (Off:4 Def:4),Rebound,Unknown,0,0
197,198,PT02M20.00S,2,1610612754,IND,397,Miller,R. Miller,-99,233,25,Made,1,38,33,71,h,Miller 25' 3PT Jump Shot (5 PTS) (Foster 1 AST),Made Shot,Jump Shot,0,0
198,199,PT01M59.00S,2,1610612748,MIA,224,Jones,E. Jones,121,219,25,Missed,1,,,0,v,MISS Jones 25' 3PT Jump Shot,Missed Shot,Jump Shot,0,0
199,200,PT01M57.00S,2,1610612754,IND,979,O'Neal,J. O'Neal,0,0,0,,0,,,0,h,O'Neal REBOUND (Off:0 Def:3),Rebound,Unknown,0,0
200,201,PT01M52.00S,2,1610612748,MIA,224,Jones,E. Jones,0,0,0,,0,,,0,v,Jones P.FOUL (P2.T4),Foul,Personal,0,0
201,202,PT01M44.00S,2,1610612754,IND,2224,Tinsley,J. Tinsley,-8,94,9,Made,1,40,33,73,h,Tinsley 9' Running Jump Shot (5 PTS),Made Shot,Running Jump Shot,0,0
202,203,PT01M29.00S,2,1610612754,IND,1902,Foster,J. Foster,0,0,0,,0,,,0,h,Foster P.FOUL (P1.T3),Foul,Personal,0,0
203,204,PT01M22.00S,2,1610612748,MIA,258,Grant,B. Grant,174,8,17,Made,1,40,35,75,v,Grant 17' Jump Shot (6 PTS) (Jones 2 AST),Made Shot,Jump Shot,0,0
204,205,PT01M09.00S,2,1610612748,MIA,2406,Butler,C. Butler,0,0,0,,0,,,0,v,C. Butler P.FOUL (P2.PN),Foul,Personal,0,0
205,206,PT01M09.00S,2,1610612754,IND,979,O'Neal,J. O'Neal,0,0,0,,0,,,0,h,SUB: Harrington FOR O'Neal,Substitution,,0,0
206,207,PT01M09.00S,2,1610612754,IND,397,Miller,R. Miller,0,0,0,,0,41,35,76,h,Miller Free Throw 1 of 2 (6 PTS),Free Throw,Free Throw 1 of 2,0,0
207,208,PT01M09.00S,2,1610612754,IND,397,Miller,R. Miller,0,0,0,,0,42,35,77,h,Miller Free Throw 2 of 2 (7 PTS),Free Throw,Free Throw 2 of 2,0,0
208,209,PT00M47.90S,2,1610612748,MIA,2406,Butler,C. Butler,-31,248,25,Missed,1,,,0,v,MISS C. Butler 25' 3PT Jump Shot,Missed Shot,Jump Shot,0,0
209,210,PT00M45.90S,2,1610612754,IND,1902,Foster,J. Foster,0,0,0,,0,,,0,h,Foster REBOUND (Off:4 Def:5),Rebound,Unknown,0,0
210,211,PT00M32.40S,2,1610612754,IND,1733,Harrington,A. Harrington,0,0,0,,0,,,0,h,Harrington 3 Second Violation Turnover (P2.T7),Turnover,3 Second Violation,0,0
211,212,PT00M23.30S,2,1610612754,IND,1733,Harrington,A. Harrington,0,0,0,,0,,,0,h,Harrington P.FOUL (P3.PN),Foul,Personal,0,0
212,213,PT00M23.30S,2,1610612748,MIA,2548,Wade,D. Wade,0,0,0,,0,42,36,78,v,Wade Free Throw 1 of 2 (10 PTS),Free Throw,Free Throw 1 of 2,0,0
213,214,PT00M23.30S,2,1610612754,IND,1733,Harrington,A. Harrington,0,0,0,,0,,,0,h,SUB: Croshere FOR Harrington,Substitution,,0,0
214,215,PT00M23.30S,2,1610612748,MIA,224,Jones,E. Jones,0,0,0,,0,,,0,v,SUB: Alston FOR Jones,Substitution,,0,0
215,216,PT00M23.30S,2,1610612748,MIA,258,Grant,B. Grant,0,0,0,,0,,,0,v,SUB: Allen FOR Grant,Substitution,,0,0
216,217,PT00M23.30S,2,1610612748,MIA,2548,Wade,D. Wade,0,0,0,,0,,,0,v,MISS Wade Free Throw 2 of 2,Free Throw,Free Throw 2 of 2,0,0
217,218,PT00M22.90S,2,1610612754,IND,2224,Tinsley,J. Tinsley,0,0,0,,0,,,0,h,Tinsley REBOUND (Off:1 Def:5),Rebound,Unknown,0,0
218,219,PT00M04.10S,2,1610612754,IND,1897,World Peace,M. World Peace,39,15,4,Made,1,44,36,80,h,World Peace 4' Driving Finger Roll (4 PTS),Made Shot,Driving Finger Roll Shot,0,0
219,220,PT00M00.00S,2,1610612748,MIA,2406,Butler,C. Butler,115,225,25,Made,1,44,39,83,v,C. Butler 25' 3PT Jump Shot (5 PTS) (Wade 5 AST),Made Shot,Jump Shot,0,0
220,221,PT00M00.00S,2,0,,0,,,0,0,0,,0,44,39,83,,End of 2nd Period (8:17 PM EST),period,end,0,0
221,223,PT00M00.00S,2,0,,0,,,0,0,0,,0,44,39,83,,Instant Replay2nd Period (8:17 PM EST),Instant Replay,Support Ruling,0,0
222,224,PT12M00.00S,3,0,,0,,,0,0,0,,0,44,39,83,,Start of 3rd Period (8:37 PM EST),period,start,0,0
223,225,PT11M42.00S,3,1610612748,MIA,258,Grant,B. Grant,-158,5,16,Made,1,44,41,85,v,Grant 16' Jump Shot (8 PTS) (Jones 3 AST),Made Shot,Jump Shot,0,0
224,226,PT11M20.00S,3,1610612754,IND,2224,Tinsley,J. Tinsley,-15,120,12,Made,1,46,41,87,h,Tinsley 12' Turnaround Hook Shot (7 PTS),Made Shot,Turnaround Hook Shot,0,0
225,227,PT11M19.00S,3,0,,1610612754,,,0,0,0,,0,,,0,h,PACERS Violation: Delay of game Violation,Violation,Delay Of Game,0,0
226,228,PT11M08.00S,3,1610612754,IND,397,Miller,R. Miller,0,0,0,,0,,,0,h,Miller P.FOUL (P1.T1),Foul,Personal,0,0
227,229,PT10M54.00S,3,1610612748,MIA,258,Grant,B. Grant,105,243,26,Missed,1,,,0,v,MISS Grant 26' 3PT Jump Shot,Missed Shot,Jump Shot,0,0
228,230,PT10M54.00S,3,0,,1610612748,,,0,0,0,,0,,,0,v,Heat Rebound,Rebound,Unknown,0,0
229,231,PT10M54.00S,3,0,,1610612748,,,0,0,0,,0,,,0,v,Heat Turnover: Shot Clock (T#7),Turnover,Shot Clock Turnover,0,0
230,232,PT10M45.00S,3,1610612754,IND,1902,Foster,J. Foster,-6,10,1,Made,1,48,41,89,h,Foster 1' Driving Layup (12 PTS) (Tinsley 6 AST),Made Shot,Driving Layup Shot,0,0
231,233,PT10M22.00S,3,1610612748,MIA,1885,Odom,L. Odom,5,12,1,Made,1,48,43,91,v,Odom 1' Layup (2 PTS),Made Shot,Layup Shot,0,0
232,234,PT10M03.00S,3,1610612754,IND,397,Miller,R. Miller,-148,10,15,Made,1,50,43,93,h,Miller 15' Running Jump Shot (9 PTS),Made Shot,Running Jump Shot,0,0
233,235,PT09M43.00S,3,1610612748,MIA,1885,Odom,L. Odom,0,0,0,,0,,,0,v,Odom Bad Pass Turnover (P3.T8),Turnover,Bad Pass,0,0
234,235,PT09M43.00S,3,1610612754,IND,397,Miller,R. Miller,0,0,0,,0,,,0,h,Miller STEAL (1 STL),,,0,0
235,236,PT09M38.00S,3,1610612748,MIA,224,Jones,E. Jones,0,0,0,,0,,,0,v,Jones P.FOUL (P3.T1),Foul,Personal,0,0
236,237,PT09M30.00S,3,1610612754,IND,1902,Foster,J. Foster,-16,23,3,Made,1,52,43,95,h,Foster 3' Slam Dunk (14 PTS) (Miller 3 AST),Made Shot,Slam Dunk Shot,0,0
237,238,PT09M27.00S,3,0,,1610612748,,,0,0,0,,0,,,0,v,Heat Timeout: Regular (Reg.3 Short 1),Timeout,Regular,0,0
238,240,PT09M13.00S,3,1610612748,MIA,2548,Wade,D. Wade,-102,66,12,Made,1,52,45,97,v,Wade 12' Jump Bank Shot (12 PTS),Made Shot,Jump Bank Shot,0,0
239,241,PT08M47.00S,3,1610612754,IND,1902,Foster,J. Foster,0,0,0,,0,,,0,h,Jump Ball Foster vs. Jones: Tip to Grant,Jump Ball,,0,0
240,242,PT08M47.00S,3,1610612754,IND,1902,Foster,J. Foster,0,0,0,,0,,,0,h,Foster Lost Ball Turnover (P1.T8),Turnover,Lost Ball,0,0
241,242,PT08M47.00S,3,1610612748,MIA,224,Jones,E. Jones,0,0,0,,0,,,0,v,Jones STEAL (1 STL),,,0,0
242,243,PT08M44.00S,3,1610612748,MIA,258,Grant,B. Grant,0,0,0,,0,,,0,v,Grant Bad Pass Turnover (P1.T9),Turnover,Bad Pass,0,0
243,244,PT08M38.00S,3,1610612754,IND,1897,World Peace,M. World Peace,0,0,0,,0,,,0,h,World Peace Lost Ball Turnover (P2.T9),Turnover,Lost Ball,0,0
244,244,PT08M38.00S,3,1610612748,MIA,2406,Butler,C. Butler,0,0,0,,0,,,0,v,C. Butler STEAL (2 STL),,,0,0
245,245,PT08M27.00S,3,1610612748,MIA,258,Grant,B. Grant,0,0,0,,0,,,0,v,Grant 3 Second Violation Turnover (P2.T10),Turnover,3 Second Violation,0,0
246,246,PT08M18.00S,3,1610612748,MIA,1885,Odom,L. Odom,0,0,0,,0,,,0,v,Odom P.FOUL (P2.T2),Foul,Personal,0,0
247,247,PT08M09.00S,3,1610612754,IND,979,O'Neal,J. O'Neal,-20,3,2,Made,1,54,45,99,h,O'Neal 2' Turnaround Finger Roll (11 PTS),Made Shot,Turnaround Finger Roll Shot,0,0
248,248,PT07M50.00S,3,1610612748,MIA,2548,Wade,D. Wade,52,59,8,Missed,1,,,0,v,MISS Wade 8' Jump Shot,Missed Shot,Jump Shot,0,0
249,249,PT07M49.00S,3,0,,1610612748,,,0,0,0,,0,,,0,v,Heat Rebound,Rebound,Unknown,0,0
250,250,PT07M47.00S,3,1610612748,MIA,258,Grant,B. Grant,-169,-11,17,Missed,1,,,0,v,MISS Grant 17' Jump Shot,Missed Shot,Jump Shot,0,0
251,251,PT07M45.00S,3,1610612754,IND,1902,Foster,J. Foster,0,0,0,,0,,,0,h,Foster REBOUND (Off:4 Def:6),Rebound,Unknown,0,0
252,252,PT07M38.00S,3,1610612748,MIA,2406,Butler,C. Butler,0,0,0,,0,,,0,v,C. Butler S.FOUL (P3.T3),Foul,Shooting,0,0
253,253,PT07M38.00S,3,1610612754,IND,397,Miller,R. Miller,0,0,0,,0,55,45,100,h,Miller Free Throw 1 of 2 (10 PTS),Free Throw,Free Throw 1 of 2,0,0
254,254,PT07M38.00S,3,1610612754,IND,397,Miller,R. Miller,0,0,0,,0,56,45,101,h,Miller Free Throw 2 of 2 (11 PTS),Free Throw,Free Throw 2 of 2,0,0
255,255,PT07M21.00S,3,1610612748,MIA,224,Jones,E. Jones,-141,58,15,Missed,1,,,0,v,MISS Jones 15' Jump Shot,Missed Shot,Jump Shot,0,0
256,256,PT07M19.00S,3,1610612754,IND,979,O'Neal,J. O'Neal,0,0,0,,0,,,0,h,O'Neal REBOUND (Off:0 Def:4),Rebound,Unknown,0,0
257,257,PT07M10.00S,3,1610612754,IND,979,O'Neal,J. O'Neal,-166,3,17,Missed,1,,,0,h,MISS O'Neal 17' Jump Shot,Missed Shot,Jump Shot,0,0
258,258,PT07M09.00S,3,1610612748,MIA,2406,Butler,C. Butler,0,0,0,,0,,,0,v,C. Butler REBOUND (Off:0 Def:3),Rebound,Unknown,0,0
259,259,PT07M03.00S,3,1610612748,MIA,2548,Wade,D. Wade,13,12,2,Missed,1,,,0,v,MISS Wade 2' Layup,Missed Shot,Layup Shot,0,0
260,260,PT07M00.00S,3,1610612754,IND,397,Miller,R. Miller,0,0,0,,0,,,0,h,Miller REBOUND (Off:0 Def:3),Rebound,Unknown,0,0
261,261,PT06M38.00S,3,1610612754,IND,2224,Tinsley,J. Tinsley,-52,54,7,Missed,1,,,0,h,MISS Tinsley 7' Jump Shot,Missed Shot,Jump Shot,0,0
262,263,PT06M36.00S,3,1610612754,IND,1902,Foster,J. Foster,0,0,0,,0,,,0,h,Foster REBOUND (Off:5 Def:6),Rebound,Unknown,0,0
263,262,PT06M36.00S,3,1610612754,IND,1902,Foster,J. Foster,0,12,1,Made,1,58,45,103,h,Foster 1' Tip Shot (16 PTS),Made Shot,Tip Shot,0,0
264,264,PT06M14.00S,3,1610612748,MIA,1885,Odom,L. Odom,54,30,6,Made,1,58,47,105,v,Odom 6' Running Jump Shot (4 PTS),Made Shot,Running Jump Shot,0,0
265,265,PT06M14.00S,3,1610612754,IND,1902,Foster,J. Foster,0,0,0,,0,,,0,h,Foster S.FOUL (P2.T2),Foul,Shooting,0,0
266,266,PT06M14.00S,3,1610612748,MIA,1885,Odom,L. Odom,0,0,0,,0,,,0,v,MISS Odom Free Throw 1 of 1,Free Throw,Free Throw 1 of 1,0,0
267,267,PT06M14.00S,3,1610612754,IND,979,O'Neal,J. O'Neal,0,0,0,,0,,,0,h,O'Neal REBOUND (Off:0 Def:5),Rebound,Unknown,0,0
268,268,PT05M52.00S,3,1610612754,IND,979,O'Neal,J. O'Neal,107,22,11,Made,1,60,47,107,h,O'Neal 11' Turnaround Jump Shot (13 PTS) (World Peace 3 AST),Made Shot,Turnaround Jump Shot,0,0
269,269,PT05M29.00S,3,1610612748,MIA,224,Jones,E. Jones,-237,0,24,Missed,1,,,0,v,MISS Jones 24' 3PT Jump Shot,Missed Shot,Jump Shot,0,0
270,270,PT05M28.00S,3,1610612754,IND,979,O'Neal,J. O'Neal,0,0,0,,0,,,0,h,O'Neal REBOUND (Off:0 Def:6),Rebound,Unknown,0,0
271,271,PT05M24.00S,3,1610612754,IND,1897,World Peace,M. World Peace,8,12,1,Made,1,62,47,109,h,World Peace 1' Layup (6 PTS) (Tinsley 7 AST),Made Shot,Layup Shot,0,0
272,272,PT05M24.00S,3,1610612748,MIA,258,Grant,B. Grant,0,0,0,,0,,,0,v,Grant S.FOUL (P3.T4),Foul,Shooting,0,0
273,273,PT05M24.00S,3,1610612748,MIA,258,Grant,B. Grant,0,0,0,,0,,,0,v,SUB: Allen FOR Grant,Substitution,,0,0
274,274,PT05M24.00S,3,0,,1610612748,,,0,0,0,,0,,,0,v,Heat Timeout: Regular (Reg.4 Short 1),Timeout,Regular,0,0
275,276,PT05M24.00S,3,1610612748,MIA,224,Jones,E. Jones,0,0,0,,0,,,0,v,SUB: Alston FOR Jones,Substitution,,0,0
276,277,PT05M24.00S,3,1610612754,IND,1897,World Peace,M. World Peace,0,0,0,,0,,,0,h,MISS World Peace Free Throw 1 of 1,Free Throw,Free Throw 1 of 1,0,0
277,278,PT05M24.00S,3,1610612748,MIA,2406,Butler,C. Butler,0,0,0,,0,,,0,v,C. Butler REBOUND (Off:0 Def:4),Rebound,Unknown,0,0
278,279,PT05M11.00S,3,1610612748,MIA,2406,Butler,C. Butler,136,-1,14,Missed,1,,,0,v,MISS C. Butler 14' Jump Shot,Missed Shot,Jump Shot,0,0
279,279,PT05M11.00S,3,1610612754,IND,397,Miller,R. Miller,0,0,0,,0,,,0,h,Miller BLOCK (1 BLK),,,0,0
280,280,PT05M09.00S,3,1610612754,IND,979,O'Neal,J. O'Neal,0,0,0,,0,,,0,h,O'Neal REBOUND (Off:0 Def:7),Rebound,Unknown,0,0
281,281,PT04M51.00S,3,1610612748,MIA,1747,Alston,R. Alston,0,0,0,,0,,,0,v,Alston S.FOUL (P1.PN),Foul,Shooting,0,0
282,282,PT04M51.00S,3,1610612754,IND,397,Miller,R. Miller,0,0,0,,0,63,47,110,h,Miller Free Throw 1 of 2 (12 PTS),Free Throw,Free Throw 1 of 2,0,0
283,283,PT04M51.00S,3,1610612754,IND,1902,Foster,J. Foster,0,0,0,,0,,,0,h,SUB: Harrington FOR Foster,Substitution,,0,0
284,284,PT04M51.00S,3,1610612754,IND,397,Miller,R. Miller,0,0,0,,0,64,47,111,h,Miller Free Throw 2 of 2 (13 PTS),Free Throw,Free Throw 2 of 2,0,0
285,285,PT04M39.00S,3,1610612748,MIA,2548,Wade,D. Wade,-67,35,8,Missed,1,,,0,v,MISS Wade 8' Jump Shot,Missed Shot,Jump Shot,0,0
286,285,PT04M39.00S,3,1610612754,IND,979,O'Neal,J. O'Neal,0,0,0,,0,,,0,h,O'Neal BLOCK (1 BLK),,,0,0
287,286,PT04M37.00S,3,1610612748,MIA,2548,Wade,D. Wade,0,0,0,,0,,,0,v,Wade REBOUND (Off:1 Def:2),Rebound,Unknown,0,0
288,287,PT04M37.00S,3,0,,1610612748,,,0,0,0,,0,,,0,v,Heat Timeout: Short (Reg.4 Short 2),Timeout,Short,0,0
289,289,PT04M27.00S,3,1610612748,MIA,2124,Allen,M. Allen,130,25,13,Missed,1,,,0,v,MISS Allen 13' Jump Shot,Missed Shot,Jump Shot,0,0
290,290,PT04M26.00S,3,1610612748,MIA,1885,Odom,L. Odom,0,0,0,,0,,,0,v,Odom REBOUND (Off:1 Def:9),Rebound,Unknown,0,0
291,291,PT04M09.00S,3,1610612748,MIA,2548,Wade,D. Wade,0,0,0,,0,,,0,v,Wade Lost Ball Turnover (P2.T11),Turnover,Lost Ball,0,0
292,291,PT04M09.00S,3,1610612754,IND,397,Miller,R. Miller,0,0,0,,0,,,0,h,Miller STEAL (2 STL),,,0,0
293,292,PT03M54.00S,3,1610612754,IND,1733,Harrington,A. Harrington,0,0,0,,0,,,0,h,Harrington 3 Second Violation Turnover (P3.T10),Turnover,3 Second Violation,0,0
294,293,PT03M40.00S,3,1610612754,IND,979,O'Neal,J. O'Neal,0,0,0,,0,,,0,h,PACERS T.Foul (Def. 3 Sec O'Neal ),Foul,Defense 3 Second,0,0
295,294,PT03M40.00S,3,1610612754,IND,397,Miller,R. Miller,0,0,0,,0,,,0,h,SUB: Bender FOR Miller,Substitution,,0,0
296,295,PT03M40.00S,3,1610612748,MIA,1747,Alston,R. Alston,0,0,0,,0,64,48,112,v,Alston Free Throw Technical (1 PTS),Free Throw,Free Throw Technical,0,0
297,296,PT03M29.00S,3,1610612754,IND,2224,Tinsley,J. Tinsley,0,0,0,,0,,,0,h,Tinsley P.FOUL (P3.T3),Foul,Personal,0,0
298,297,PT03M29.00S,3,1610612754,IND,2224,Tinsley,J. Tinsley,0,0,0,,0,,,0,h,SUB: Johnson FOR Tinsley,Substitution,,0,0
299,298,PT03M22.00S,3,1610612748,MIA,1885,Odom,L. Odom,24,20,3,Made,1,64,50,114,v,Odom 3' Running Jump Shot (6 PTS) (Wade 6 AST),Made Shot,Running Jump Shot,0,0
300,299,PT02M59.00S,3,1610612754,IND,1886,Bender,J. Bender,-232,8,0,Missed,1,,,0,h,MISS Bender 3PT Jump Shot,Missed Shot,Jump Shot,0,0
301,300,PT02M57.00S,3,1610612754,IND,979,O'Neal,J. O'Neal,0,0,0,,0,,,0,h,O'Neal REBOUND (Off:1 Def:7),Rebound,Unknown,0,0
302,301,PT02M56.00S,3,1610612754,IND,979,O'Neal,J. O'Neal,51,0,5,Made,1,66,50,116,h,O'Neal 5' Jump Shot (15 PTS),Made Shot,Jump Shot,0,0
303,302,PT02M56.00S,3,1610612748,MIA,2124,Allen,M. Allen,0,0,0,,0,,,0,v,Allen S.FOUL (P3.PN),Foul,Shooting,0,0
304,303,PT02M56.00S,3,1610612748,MIA,2548,Wade,D. Wade,0,0,0,,0,,,0,v,SUB: Jones FOR Wade,Substitution,,0,0
305,304,PT02M56.00S,3,1610612748,MIA,2124,Allen,M. Allen,0,0,0,,0,,,0,v,SUB: Grant FOR Allen,Substitution,,0,0
306,305,PT02M56.00S,3,1610612754,IND,979,O'Neal,J. O'Neal,0,0,0,,0,67,50,117,h,O'Neal Free Throw 1 of 1 (16 PTS),Free Throw,Free Throw 1 of 1,0,0
307,306,PT02M39.00S,3,1610612748,MIA,224,Jones,E. Jones,-202,12,20,Missed,1,,,0,v,MISS Jones 20' Jump Shot,Missed Shot,Jump Shot,0,0
308,307,PT02M37.00S,3,1610612748,MIA,258,Grant,B. Grant,0,0,0,,0,,,0,v,Grant REBOUND (Off:2 Def:0),Rebound,Unknown,0,0
309,308,PT02M17.00S,3,1610612748,MIA,1885,Odom,L. Odom,62,0,6,Missed,1,,,0,v,MISS Odom 6' Jump Shot,Missed Shot,Jump Shot,0,0
310,309,PT02M15.00S,3,1610612754,IND,1897,World Peace,M. World Peace,0,0,0,,0,,,0,h,World Peace REBOUND (Off:0 Def:2),Rebound,Unknown,0,0
311,310,PT02M11.00S,3,1610612754,IND,1897,World Peace,M. World Peace,0,0,0,,0,,,0,h,World Peace Lost Ball Turnover (P3.T11),Turnover,Lost Ball,0,0
312,310,PT02M11.00S,3,1610612748,MIA,224,Jones,E. Jones,0,0,0,,0,,,0,v,Jones STEAL (2 STL),,,0,0
313,311,PT02M06.00S,3,1610612754,IND,1533,Johnson,A. Johnson,0,0,0,,0,,,0,h,Johnson S.FOUL (P1.T4),Foul,Shooting,0,0
314,312,PT02M06.00S,3,0,,1610612754,,,0,0,0,,0,,,0,h,PACERS Timeout: Regular (Full 3 Short 1),Timeout,Regular,0,0
315,314,PT02M06.00S,3,1610612748,MIA,2406,Butler,C. Butler,0,0,0,,0,67,51,118,v,C. Butler Free Throw 1 of 2 (6 PTS),Free Throw,Free Throw 1 of 2,0,0
316,315,PT02M06.00S,3,1610612748,MIA,2406,Butler,C. Butler,0,0,0,,0,67,52,119,v,C. Butler Free Throw 2 of 2 (7 PTS),Free Throw,Free Throw 2 of 2,0,0
317,316,PT01M49.00S,3,1610612754,IND,979,O'Neal,J. O'Neal,-153,12,15,Made,1,69,52,121,h,O'Neal 15' Jump Shot (18 PTS) (World Peace 4 AST),Made Shot,Jump Shot,0,0
318,317,PT01M33.00S,3,1610612748,MIA,1885,Odom,L. Odom,6,41,4,Made,1,69,54,123,v,Odom 4' Jump Hook Shot (8 PTS) (C. Butler 2 AST),Made Shot,Jump Hook Shot,0,0
319,318,PT01M19.00S,3,1610612748,MIA,1747,Alston,R. Alston,0,0,0,,0,,,0,v,Alston P.FOUL (P2.PN),Foul,Personal,0,0
320,319,PT01M19.00S,3,1610612754,IND,979,O'Neal,J. O'Neal,0,0,0,,0,,,0,h,MISS O'Neal Free Throw 1 of 2,Free Throw,Free Throw 1 of 2,0,0
321,320,PT01M19.00S,3,0,,1610612754,,,0,0,0,,0,,,0,h,PACERS Rebound,Rebound,Normal Rebound,0,0
322,321,PT01M19.00S,3,1610612754,IND,979,O'Neal,J. O'Neal,0,0,0,,0,,,0,h,MISS O'Neal Free Throw 2 of 2,Free Throw,Free Throw 2 of 2,0,0
323,322,PT01M18.00S,3,1610612748,MIA,258,Grant,B. Grant,0,0,0,,0,,,0,v,Grant REBOUND (Off:2 Def:1),Rebound,Unknown,0,0
324,323,PT01M05.00S,3,1610612748,MIA,2406,Butler,C. Butler,-113,25,12,Missed,1,,,0,v,MISS C. Butler 12' Jump Shot,Missed Shot,Jump Shot,0,0
325,324,PT01M04.00S,3,1610612748,MIA,258,Grant,B. Grant,0,0,0,,0,,,0,v,Grant REBOUND (Off:3 Def:1),Rebound,Unknown,0,0
326,325,PT00M59.90S,3,1610612748,MIA,1747,Alston,R. Alston,28,17,3,Missed,1,,,0,v,MISS Alston 3' Jump Shot,Missed Shot,Jump Shot,0,0
327,325,PT00M59.90S,3,1610612754,IND,1533,Johnson,A. Johnson,0,0,0,,0,,,0,h,Johnson BLOCK (1 BLK),,,0,0
328,326,PT00M56.90S,3,1610612754,IND,1886,Bender,J. Bender,0,0,0,,0,,,0,h,Bender REBOUND (Off:0 Def:2),Rebound,Unknown,0,0
329,327,PT00M41.10S,3,1610612754,IND,1733,Harrington,A. Harrington,0,26,3,Made,1,71,54,125,h,Harrington 3' Layup (7 PTS) (Johnson 1 AST),Made Shot,Layup Shot,0,0
330,328,PT00M27.90S,3,1610612754,IND,1733,Harrington,A. Harrington,0,0,0,,0,,,0,h,Harrington S.FOUL (P4.PN),Foul,Shooting,0,0
331,329,PT00M27.90S,3,1610612754,IND,979,O'Neal,J. O'Neal,0,0,0,,0,,,0,h,SUB: Foster FOR O'Neal,Substitution,,0,0
332,330,PT00M27.90S,3,1610612748,MIA,1885,Odom,L. Odom,0,0,0,,0,71,55,126,v,Odom Free Throw 1 of 2 (9 PTS),Free Throw,Free Throw 1 of 2,0,0
333,331,PT00M27.90S,3,1610612754,IND,1733,Harrington,A. Harrington,0,0,0,,0,,,0,h,SUB: Croshere FOR Harrington,Substitution,,0,0
334,332,PT00M27.90S,3,1610612748,MIA,1885,Odom,L. Odom,0,0,0,,0,,,0,v,MISS Odom Free Throw 2 of 2,Free Throw,Free Throw 2 of 2,0,0
335,333,PT00M27.70S,3,1610612754,IND,1902,Foster,J. Foster,0,0,0,,0,,,0,h,Foster REBOUND (Off:5 Def:7),Rebound,Unknown,0,0
336,334,PT00M08.60S,3,1610612754,IND,1902,Foster,J. Foster,21,15,3,Made,1,73,55,128,h,Foster 3' Layup (18 PTS) (Johnson 2 AST),Made Shot,Layup Shot,0,0
337,335,PT00M00.00S,3,0,,0,,,0,0,0,,0,73,55,128,,End of 3rd Period (9:12 PM EST),period,end,0,0
338,337,PT12M00.00S,4,0,,0,,,0,0,0,,0,73,55,128,,Start of 4th Period (9:16 PM EST),period,start,0,0
339,338,PT11M46.00S,4,1610612754,IND,1886,Bender,J. Bender,-71,41,8,Made,1,75,55,130,h,Bender 8' Turnaround Jump Shot (2 PTS),Made Shot,Turnaround Jump Shot,0,0
340,339,PT11M25.00S,4,1610612748,MIA,224,Jones,E. Jones,0,0,0,,0,,,0,v,Jones Bad Pass Turnover (P1.T12),Turnover,Bad Pass,0,0
341,339,PT11M25.00S,4,1610612754,IND,1902,Foster,J. Foster,0,0,0,,0,,,0,h,Foster STEAL (1 STL),,,0,0
342,340,PT11M19.00S,4,1610612754,IND,1897,World Peace,M. World Peace,-235,0,24,Made,1,78,55,133,h,World Peace 24' 3PT Jump Shot (9 PTS) (Bender 3 AST),Made Shot,Jump Shot,0,0
343,341,PT11M14.00S,4,0,,1610612748,,,0,0,0,,0,,,0,v,Heat Timeout: Regular (Reg.5 Short 2),Timeout,Regular,0,0
344,343,PT11M04.00S,4,1610612754,IND,1897,World Peace,M. World Peace,0,0,0,,0,,,0,h,World Peace S.FOUL (P2.T1),Foul,Shooting,0,0
345,344,PT11M04.00S,4,1610612748,MIA,258,Grant,B. Grant,0,0,0,,0,78,56,134,v,Grant Free Throw 1 of 2 (9 PTS),Free Throw,Free Throw 1 of 2,0,0
346,345,PT11M04.00S,4,1610612748,MIA,258,Grant,B. Grant,0,0,0,,0,78,57,135,v,Grant Free Throw 2 of 2 (10 PTS),Free Throw,Free Throw 2 of 2,0,0
347,346,PT10M47.00S,4,1610612754,IND,1897,World Peace,M. World Peace,0,0,0,,0,,,0,h,World Peace Bad Pass Turnover (P4.T12),Turnover,Bad Pass,0,0
348,346,PT10M47.00S,4,1610612748,MIA,2406,Butler,C. Butler,0,0,0,,0,,,0,v,C. Butler STEAL (3 STL),,,0,0
349,347,PT10M35.00S,4,1610612748,MIA,2406,Butler,C. Butler,-189,2,19,Missed,1,,,0,v,MISS C. Butler 19' Jump Shot,Missed Shot,Jump Shot,0,0
350,348,PT10M33.00S,4,1610612754,IND,1897,World Peace,M. World Peace,0,0,0,,0,,,0,h,World Peace REBOUND (Off:0 Def:3),Rebound,Unknown,0,0
351,349,PT10M18.00S,4,1610612754,IND,1506,Croshere,A. Croshere,-195,0,20,Made,1,80,57,137,h,Croshere 20' Jump Shot (3 PTS) (World Peace 5 AST),Made Shot,Jump Shot,0,0
352,350,PT10M01.00S,4,1610612748,MIA,1885,Odom,L. Odom,-10,23,3,Made,1,80,59,139,v,Odom 3' Driving Finger Roll (11 PTS) (Wade 7 AST),Made Shot,Driving Finger Roll Shot,0,0
353,351,PT10M01.00S,4,1610612754,IND,1897,World Peace,M. World Peace,0,0,0,,0,,,0,h,World Peace S.FOUL (P3.T2),Foul,Shooting,0,0
354,352,PT10M01.00S,4,1610612748,MIA,1885,Odom,L. Odom,0,0,0,,0,80,60,140,v,Odom Free Throw 1 of 1 (12 PTS),Free Throw,Free Throw 1 of 1,0,0
355,353,PT09M42.00S,4,1610612754,IND,1506,Croshere,A. Croshere,-187,110,22,Missed,1,,,0,h,MISS Croshere 22' Jump Shot,Missed Shot,Jump Shot,0,0
356,354,PT09M41.00S,4,1610612754,IND,1902,Foster,J. Foster,0,0,0,,0,,,0,h,Foster REBOUND (Off:6 Def:7),Rebound,Unknown,0,0
357,355,PT09M38.00S,4,1610612754,IND,1902,Foster,J. Foster,0,0,0,,0,,,0,h,Foster Bad Pass Turnover (P2.T13),Turnover,Bad Pass,0,0
358,355,PT09M38.00S,4,1610612748,MIA,2548,Wade,D. Wade,0,0,0,,0,,,0,v,Wade STEAL (1 STL),,,0,0
359,356,PT09M33.00S,4,1610612748,MIA,224,Jones,E. Jones,-233,46,24,Made,1,80,63,143,v,Jones 24' 3PT Jump Shot (13 PTS) (Wade 8 AST),Made Shot,Jump Shot,0,0
360,357,PT09M30.00S,4,0,,1610612754,,,0,0,0,,0,,,0,h,PACERS Timeout: Regular (Full 4 Short 1),Timeout,Regular,0,0
361,359,PT09M30.00S,4,1610612754,IND,1897,World Peace,M. World Peace,0,0,0,,0,,,0,h,SUB: Miller FOR World Peace,Substitution,,0,0
362,360,PT09M30.00S,4,1610612754,IND,1506,Croshere,A. Croshere,0,0,0,,0,,,0,h,SUB: O'Neal FOR Croshere,Substitution,,0,0
363,361,PT09M12.00S,4,1610612754,IND,1886,Bender,J. Bender,-230,0,0,Made,1,83,63,146,h,Bender 3PT Jump Shot (5 PTS) (Johnson 3 AST),Made Shot,Jump Shot,0,0
364,362,PT08M51.00S,4,1610612748,MIA,1885,Odom,L. Odom,52,28,6,Missed,1,,,0,v,MISS Odom 6' Jump Shot,Missed Shot,Jump Shot,0,0
365,363,PT08M50.00S,4,1610612748,MIA,258,Grant,B. Grant,0,0,0,,0,,,0,v,Grant REBOUND (Off:4 Def:1),Rebound,Unknown,0,0
366,364,PT08M49.00S,4,1610612754,IND,1533,Johnson,A. Johnson,0,0,0,,0,,,0,h,Johnson L.B.FOUL (P2.T3),Foul,Loose Ball,0,0
367,365,PT08M43.00S,4,1610612748,MIA,2548,Wade,D. Wade,-56,84,10,Made,1,83,65,148,v,Wade 10' Running Jump Shot (14 PTS),Made Shot,Running Jump Shot,0,0
368,366,PT08M20.00S,4,1610612754,IND,979,O'Neal,J. O'Neal,133,17,13,Made,1,85,65,150,h,O'Neal 13' Turnaround Jump Shot (20 PTS) (Miller 4 AST),Made Shot,Turnaround Jump Shot,0,0
369,367,PT08M02.00S,4,1610612754,IND,1886,Bender,J. Bender,0,0,0,,0,,,0,h,Bender S.FOUL (P1.T4),Foul,Shooting,0,0
370,368,PT08M02.00S,4,1610612748,MIA,2406,Butler,C. Butler,0,0,0,,0,85,66,151,v,C. Butler Free Throw 1 of 2 (8 PTS),Free Throw,Free Throw 1 of 2,0,0
371,369,PT08M02.00S,4,1610612748,MIA,2406,Butler,C. Butler,0,0,0,,0,85,67,152,v,C. Butler Free Throw 2 of 2 (9 PTS),Free Throw,Free Throw 2 of 2,0,0
372,370,PT07M44.00S,4,1610612748,MIA,2548,Wade,D. Wade,0,0,0,,0,,,0,v,Wade P.FOUL (P2.T1),Foul,Personal,0,0
373,371,PT07M34.00S,4,1610612754,IND,1902,Foster,J. Foster,0,0,0,,0,,,0,h,Foster 3 Second Violation Turnover (P3.T14),Turnover,3 Second Violation,0,0
374,372,PT07M20.00S,4,1610612748,MIA,258,Grant,B. Grant,-74,151,17,Missed,1,,,0,v,MISS Grant 17' Jump Shot,Missed Shot,Jump Shot,0,0
375,373,PT07M19.00S,4,1610612754,IND,1886,Bender,J. Bender,0,0,0,,0,,,0,h,Bender REBOUND (Off:0 Def:3),Rebound,Unknown,0,0
376,374,PT07M03.00S,4,1610612754,IND,979,O'Neal,J. O'Neal,-87,168,19,Missed,1,,,0,h,MISS O'Neal 19' Jump Shot,Missed Shot,Jump Shot,0,0
377,375,PT07M00.00S,4,1610612754,IND,1886,Bender,J. Bender,0,0,0,,0,,,0,h,Bender REBOUND (Off:1 Def:3),Rebound,Unknown,0,0
378,376,PT06M58.00S,4,1610612754,IND,1886,Bender,J. Bender,0,0,0,,0,,,0,h,Bender Lost Ball Turnover (P1.T15),Turnover,Lost Ball,0,0
379,376,PT06M58.00S,4,1610612748,MIA,2548,Wade,D. Wade,0,0,0,,0,,,0,v,Wade STEAL (2 STL),,,0,0
380,377,PT06M54.00S,4,1610612748,MIA,2548,Wade,D. Wade,0,0,0,,0,,,0,v,Wade Traveling Turnover (P3.T13),Turnover,Traveling,0,0
381,378,PT06M54.00S,4,1610612754,IND,1533,Johnson,A. Johnson,0,0,0,,0,,,0,h,SUB: Tinsley FOR Johnson,Substitution,,0,0
382,379,PT06M54.00S,4,1610612754,IND,1886,Bender,J. Bender,0,0,0,,0,,,0,h,SUB: World Peace FOR Bender,Substitution,,0,0
383,380,PT06M33.00S,4,1610612754,IND,979,O'Neal,J. O'Neal,44,81,9,Made,1,87,67,154,h,O'Neal 9' Turnaround Jump Shot (22 PTS) (World Peace 6 AST),Made Shot,Turnaround Jump Shot,0,0
384,381,PT06M15.00S,4,1610612748,MIA,2548,Wade,D. Wade,-20,89,9,Missed,1,,,0,v,MISS Wade 9' Jump Shot,Missed Shot,Jump Shot,0,0
385,382,PT06M13.00S,4,1610612754,IND,1902,Foster,J. Foster,0,0,0,,0,,,0,h,Foster REBOUND (Off:6 Def:8),Rebound,Unknown,0,0
386,383,PT05M57.00S,4,1610612748,MIA,258,Grant,B. Grant,0,0,0,,0,,,0,v,Grant P.FOUL (P4.T2),Foul,Personal,0,0
387,384,PT05M45.00S,4,1610612754,IND,979,O'Neal,J. O'Neal,11,41,4,Missed,1,,,0,h,MISS O'Neal 4' Jump Shot,Missed Shot,Jump Shot,0,0
388,385,PT05M43.00S,4,1610612748,MIA,2406,Butler,C. Butler,0,0,0,,0,,,0,v,C. Butler REBOUND (Off:0 Def:5),Rebound,Unknown,0,0
389,386,PT05M35.00S,4,1610612748,MIA,1885,Odom,L. Odom,-99,18,10,Made,1,87,69,156,v,Odom 10' Running Hook Shot (14 PTS),Made Shot,Running Hook Shot,0,0
390,387,PT05M08.00S,4,1610612754,IND,1902,Foster,J. Foster,-174,49,18,Missed,1,,,0,h,MISS Foster 18' Jump Shot,Missed Shot,Jump Shot,0,0
391,388,PT05M06.00S,4,1610612748,MIA,258,Grant,B. Grant,0,0,0,,0,,,0,v,Grant REBOUND (Off:4 Def:2),Rebound,Unknown,0,0
392,389,PT05M01.00S,4,1610612754,IND,1897,World Peace,M. World Peace,0,0,0,,0,,,0,h,World Peace P.FOUL (P4.PN),Foul,Personal,0,0
393,390,PT05M01.00S,4,1610612748,MIA,258,Grant,B. Grant,0,0,0,,0,,,0,v,SUB: Allen FOR Grant,Substitution,,0,0
394,391,PT05M01.00S,4,1610612748,MIA,2406,Butler,C. Butler,0,0,0,,0,87,70,157,v,C. Butler Free Throw 1 of 2 (10 PTS),Free Throw,Free Throw 1 of 2,0,0
395,392,PT05M01.00S,4,1610612748,MIA,2406,Butler,C. Butler,0,0,0,,0,87,71,158,v,C. Butler Free Throw 2 of 2 (11 PTS),Free Throw,Free Throw 2 of 2,0,0
396,393,PT04M39.00S,4,1610612754,IND,1897,World Peace,M. World Peace,-74,15,8,Made,1,89,71,160,h,World Peace 8' Running Jump Shot (11 PTS) (Tinsley 8 AST),Made Shot,Running Jump Shot,0,0
397,394,PT04M10.00S,4,1610612748,MIA,2124,Allen,M. Allen,112,48,12,Made,1,89,73,162,v,Allen 12' Jump Shot (10 PTS),Made Shot,Jump Shot,0,0
398,395,PT03M55.00S,4,1610612754,IND,1897,World Peace,M. World Peace,-100,7,10,Missed,1,,,0,h,MISS World Peace 10' Jump Shot,Missed Shot,Jump Shot,0,0
399,396,PT03M54.00S,4,1610612748,MIA,2124,Allen,M. Allen,0,0,0,,0,,,0,v,Allen REBOUND (Off:1 Def:2),Rebound,Unknown,0,0
400,397,PT03M44.00S,4,1610612748,MIA,1885,Odom,L. Odom,-92,41,10,Missed,1,,,0,v,MISS Odom 10' Jump Shot,Missed Shot,Jump Shot,0,0
401,398,PT03M42.00S,4,1610612754,IND,1902,Foster,J. Foster,0,0,0,,0,,,0,h,Foster REBOUND (Off:6 Def:9),Rebound,Unknown,0,0
402,399,PT03M32.00S,4,1610612754,IND,1897,World Peace,M. World Peace,18,250,25,Made,1,92,73,165,h,World Peace 25' 3PT Jump Shot (14 PTS) (Miller 5 AST),Made Shot,Jump Shot,0,0
403,400,PT03M22.00S,4,0,,1610612748,,,0,0,0,,0,,,0,v,Heat Timeout: Regular (Reg.6 Short 2),Timeout,Regular,0,0
404,403,PT03M22.00S,4,1610612748,MIA,1885,Odom,L. Odom,0,0,0,,0,,,0,v,SUB: R. Butler FOR Odom,Substitution,,0,0
405,404,PT03M22.00S,4,1610612748,MIA,2406,Butler,C. Butler,0,0,0,,0,,,0,v,SUB: Haslem FOR C. Butler,Substitution,,0,0
406,405,PT03M06.00S,4,1610612748,MIA,2124,Allen,M. Allen,59,36,7,Made,1,92,75,167,v,Allen 7' Jump Hook Shot (12 PTS) (Wade 9 AST),Made Shot,Jump Hook Shot,0,0
407,406,PT02M53.00S,4,1610612754,IND,2224,Tinsley,J. Tinsley,0,0,0,,0,,,0,h,Tinsley Bad Pass Turnover (P3.T16),Turnover,Bad Pass,0,0
408,406,PT02M53.00S,4,1610612748,MIA,224,Jones,E. Jones,0,0,0,,0,,,0,v,Jones STEAL (3 STL),,,0,0
409,407,PT02M47.00S,4,1610612748,MIA,2446,Butler,R. Butler,-48,219,22,Made,1,92,77,169,v,R. Butler 22' Jump Shot (2 PTS) (Jones 4 AST),Made Shot,Jump Shot,0,0
410,408,PT02M28.00S,4,1610612754,IND,2224,Tinsley,J. Tinsley,-186,174,25,Missed,1,,,0,h,MISS Tinsley 25' 3PT Jump Shot,Missed Shot,Jump Shot,0,0
411,409,PT02M26.00S,4,1610612754,IND,1902,Foster,J. Foster,0,0,0,,0,,,0,h,Foster REBOUND (Off:7 Def:9),Rebound,Unknown,0,0
412,410,PT02M18.00S,4,1610612748,MIA,2446,Butler,R. Butler,0,0,0,,0,,,0,v,R. Butler S.FOUL (P1.T3),Foul,Shooting,0,0
413,411,PT02M18.00S,4,1610612754,IND,1902,Foster,J. Foster,0,0,0,,0,93,77,170,h,Foster Free Throw 1 of 2 (19 PTS),Free Throw,Free Throw 1 of 2,0,0
414,412,PT02M18.00S,4,1610612754,IND,397,Miller,R. Miller,0,0,0,,0,,,0,h,SUB: Harrington FOR Miller,Substitution,,0,0
415,413,PT02M18.00S,4,1610612754,IND,979,O'Neal,J. O'Neal,0,0,0,,0,,,0,h,SUB: Johnson FOR O'Neal,Substitution,,0,0
416,414,PT02M18.00S,4,1610612754,IND,1902,Foster,J. Foster,0,0,0,,0,94,77,171,h,Foster Free Throw 2 of 2 (20 PTS),Free Throw,Free Throw 2 of 2,0,0
417,415,PT02M05.00S,4,1610612748,MIA,2446,Butler,R. Butler,167,40,17,Made,1,94,79,173,v,R. Butler 17' Jump Shot (4 PTS) (Wade 10 AST),Made Shot,Jump Shot,0,0
418,416,PT01M40.00S,4,1610612754,IND,2224,Tinsley,J. Tinsley,-200,61,21,Missed,1,,,0,h,MISS Tinsley 21' Jump Shot,Missed Shot,Jump Shot,0,0
419,417,PT01M38.00S,4,1610612748,MIA,2446,Butler,R. Butler,0,0,0,,0,,,0,v,R. Butler REBOUND (Off:0 Def:1),Rebound,Unknown,0,0
420,418,PT01M31.00S,4,1610612748,MIA,2548,Wade,D. Wade,-26,13,3,Made,1,94,81,175,v,Wade 3' Driving Layup (16 PTS),Made Shot,Driving Layup Shot,0,0
421,419,PT01M31.00S,4,1610612754,IND,1902,Foster,J. Foster,0,0,0,,0,,,0,h,Foster S.FOUL (P3.PN),Foul,Shooting,0,0
422,420,PT01M31.00S,4,1610612748,MIA,2548,Wade,D. Wade,0,0,0,,0,,,0,v,MISS Wade Free Throw 1 of 1,Free Throw,Free Throw 1 of 1,0,0
423,421,PT01M29.00S,4,1610612754,IND,1733,Harrington,A. Harrington,0,0,0,,0,,,0,h,Harrington REBOUND (Off:3 Def:4),Rebound,Unknown,0,0
424,422,PT01M10.00S,4,1610612748,MIA,2124,Allen,M. Allen,0,0,0,,0,,,0,v,Allen P.FOUL (P4.T4),Foul,Personal,0,0
425,423,PT00M59.90S,4,1610612754,IND,2224,Tinsley,J. Tinsley,-243,18,24,Missed,1,,,0,h,MISS Tinsley 24' 3PT Jump Shot,Missed Shot,Jump Shot,0,0
426,424,PT00M57.90S,4,1610612748,MIA,2124,Allen,M. Allen,0,0,0,,0,,,0,v,Allen REBOUND (Off:1 Def:3),Rebound,Unknown,0,0
427,425,PT00M55.90S,4,1610612748,MIA,2124,Allen,M. Allen,0,0,0,,0,,,0,v,Allen Bad Pass Turnover (P1.T14),Turnover,Bad Pass,0,0
428,425,PT00M55.90S,4,1610612754,IND,2224,Tinsley,J. Tinsley,0,0,0,,0,,,0,h,Tinsley STEAL (3 STL),,,0,0
429,426,PT00M30.90S,4,1610612754,IND,1897,World Peace,M. World Peace,92,125,16,Missed,1,,,0,h,MISS World Peace 16' Jump Shot,Missed Shot,Jump Shot,0,0
430,427,PT00M28.60S,4,1610612748,MIA,2124,Allen,M. Allen,0,0,0,,0,,,0,v,Allen REBOUND (Off:1 Def:4),Rebound,Unknown,0,0
431,428,PT00M21.20S,4,1610612754,IND,2224,Tinsley,J. Tinsley,0,0,0,,0,,,0,h,Tinsley P.FOUL (P4.PN),Foul,Personal,0,0
432,429,PT00M21.20S,4,1610612754,IND,1897,World Peace,M. World Peace,0,0,0,,0,,,0,h,SUB: Bender FOR World Peace,Substitution,,0,0
433,430,PT00M21.20S,4,1610612748,MIA,224,Jones,E. Jones,0,0,0,,0,94,82,176,v,Jones Free Throw 1 of 2 (14 PTS),Free Throw,Free Throw 1 of 2,0,0
434,431,PT00M21.20S,4,1610612748,MIA,224,Jones,E. Jones,0,0,0,,0,94,83,177,v,Jones Free Throw 2 of 2 (15 PTS),Free Throw,Free Throw 2 of 2,0,0
435,432,PT00M00.00S,4,0,,0,,,0,0,0,,0,94,83,177,,End of 4th Period (9:45 PM EST),period,end,0,0
